sa2_name,retail_ratio,accom_ratio,school_ratio,density,health_ratio,l_score,normalised,FINAL_SCORE
Rookwood Cemetery,3.0,0.0,8.0,-0.9950248756218905,0.0,10.00497512437811,-2.8803565893119147,0.05313319351039196
Centennial Park,0.0,0.0,9.0,-1.5162235924390983,0.0,7.483776407560901,-3.4144950734862096,0.03184551614763595
Blue Mountains - South,0.0,0.0,27.0,-0.0004070154319494008,0.0,26.99959298456805,0.7201051126608569,0.6726301631723381
Port Botany Industrial,9.0,3.0,6.0,-0.0,0.0,18.0,-1.186539104987821,0.23387848541857273
Blue Mountains - North,0.0,0.0,18.0,-0.0,0.0,18.0,-1.186539104987821,0.23387848541857273
Banksmeadow,26.0,9.0,6.0,-0.2968856693287415,0.0,40.703114330671255,3.6233186002902578,0.9740000971089864
Yennora Industrial,9.0,3.0,8.0,-0.481069899456391,0.0,19.51893010054361,-0.8647401860611561,0.2963499372642469
Royal National Park,0.0,3.0,17.0,-0.0,0.0,20.0,-0.7628212277642463,0.3180340607635018
Smithfield Industrial,33.0,9.0,9.0,-0.0,0.0,19.065150391845982,-0.9608774735094014,0.2767025444609694
Prospect Reservoir,21.0,11.0,17.0,-0.0,0.0,19.065150391845982,-0.9608774735094014,0.2767025444609694
Wetherill Park Industrial,86.0,29.0,8.0,-0.0,40.0,19.065150391845982,-0.9608774735094014,0.2767025444609694
Badgerys Creek,3.0,0.0,8.0,-0.0,0.0,11.0,-2.669551675270335,0.0647941299251518
Sydney Airport,0.0,0.0,10.0,-0.0,0.0,10.0,-2.881410613882123,0.05308019044372061
Chullora,51.42857142857142,11.428571428571427,9.0,-0.0,8.979591836734693,19.065150391845982,-0.9608774735094014,0.2767025444609694
Bilpin - Colo - St Albans,5.089058524173028,3.9985459832788077,13.0,-0.00046292865051993136,1.0905125408942202,23.177654119695536,-0.08960679869017518,0.4776132776119789
Lilli Pilli - Port Hacking - Dolans Bay,4.900459418070444,3.3690658499234303,3.0,-0.0,8.882082695252679,20.151607963246555,-0.7307017255857353,0.32504075746119443
Jilliby - Yarramalong,3.977272727272727,2.272727272727273,15.0,-0.0028837874048854815,3.409090909090909,24.656207121686023,0.2236378709928024,0.5556776064429118
Woronora Heights,3.2599837000814995,1.0866612333605,8.645533141210375,-0.0,2.9883183917413745,15.98049646639375,-1.614388980140396,0.16598015276876865
Strathfield South,9.006622516556291,4.503311258278146,9.0,-1.5928639694170117,6.0927152317880795,27.009785037205507,0.722264390114904,0.6731054561811849
Terrey Hills - Duffys Forest,7.37618545837724,6.059009483667018,13.513513513513512,-0.0,6.059009483667018,33.00771793922479,1.9929800886014295,0.8800580598307362
Acacia Gardens,6.9142125480153656,1.0243277848911652,4.273504273504273,-1.0564124234100993,3.329065300896287,14.48469748389699,-1.9312873649487514,0.12660815675469245
Putney,6.488991888760139,4.40324449594438,1.6792611251049538,-2.6326181387389758,13.673232908458862,23.612112279529356,0.002437045923448622,0.5006092611793189
Horsley Park - Kemps Creek,10.077186963979418,4.93138936535163,8.658008658008658,-0.0,3.644939965694683,27.31152495303439,0.7861906884192207,0.6870128128528753
Calga - Kulnura,8.882462301177442,2.8919644701507954,24.59016393442623,-0.0,2.4788266887006816,38.843417394455145,3.2293251812439188,0.9619230439770454
Ourimbah - Fountaindale,6.805444355484387,2.4019215372297835,10.964912280701753,-0.017525841853813447,7.8062449959967966,27.960997327558907,0.923787216343662,0.715813148268324
Regents Park,8.053942685896235,1.8730099269526128,6.574141709276844,-1.4760147601476012,3.9333208466004868,18.958400408578576,-0.9834934116612608,0.2721991646422285
Castle Hill - West,5.216095380029806,2.608047690014903,2.4554941682013505,-1.222269754934914,9.87332339791356,18.930690881224706,-0.9893639227158859,0.27103773313009255
Galston - Laughtondale,8.553365563406471,2.417255485310524,11.704462326261888,-0.0,5.20639642989959,27.881479804878474,0.9069407183875473,0.7123737313974403
Warragamba - Silverdale,5.189990732159408,2.4096385542168677,3.771213073538655,-0.0,1.4828544949026878,12.853696854817619,-2.2768294271006657,0.09306020443853856
Tuggerah - Kangy Angy,12.773722627737225,7.846715328467153,6.459948320413437,-0.17955706862312049,7.846715328467153,34.74754453646185,2.3615779048606313,0.9138501120800535
Blackheath - Megalong Valley,7.782101167315175,6.897771489211178,6.938421509106678,-0.01436610289290214,5.482844004244782,27.08677206698491,0.7385747805308416,0.6766841213965432
Castle Hill - East,4.5734388742304315,1.4072119613016711,8.130081300813009,-0.0,8.619173262972735,22.729905399317847,-0.18446636735417776,0.45401373537405176
Summerland Point - Gwandalan,2.3712737127371275,1.016260162601626,0.0,-0.10894076890394692,2.3712737127371275,5.649866819171935,-3.803025212392277,0.02181661745043315
Bargo,3.2165227695953953,1.6929067208396817,3.5928143712574854,-0.04426704834699464,2.3700694091755543,10.828046222521122,-2.705981620057298,0.06262131566853131
Wentworth Falls,5.108556832694764,3.8314176245210727,2.902757619738752,-0.0,6.066411238825031,17.90914331577962,-1.2057879056725374,0.2304471808977117
Point Clare - Koolewong,2.865785702913549,1.2736825346282439,2.66844563042028,-0.0,4.776309504855915,11.584223372817988,-2.5457787315929177,0.07271058628087079
Glenhaven,4.948198546466677,1.7009432503479203,6.119951040391677,-0.5531814850156965,9.896397092933354,22.11230844512393,-0.3153098025595744,0.42181920823273933
Warwick Farm,4.1731066460587325,1.2364760432766615,8.51063829787234,-0.6451335426433272,1.3910355486862442,14.666122993250651,-1.8928507490999817,0.1309197704074801
Kariong,2.7522935779816513,2.599388379204893,1.939864209505335,-0.12039054693425472,2.140672782874618,9.311828402632242,-3.0272059180832347,0.046211823775044986
Erskine Park,3.1968336124219823,1.6745318922210382,4.702194357366771,-0.2382540741446679,2.5879129243416044,11.923218712206726,-2.473959538795677,0.07770399558199603
Heathcote - Waterfall,2.9967036260113873,1.4983518130056936,4.61361014994233,-0.0,1.3485166317051243,10.457182220664535,-2.7845524738599545,0.05816466182553823
Narara,1.8969794250693128,0.729607471180505,4.891304347826087,-0.6491736020046481,1.8969794250693128,8.76569706714057,-3.1429087231631385,0.041371605336972525
Saratoga - Davistown,3.622683572523339,2.786679671171799,2.176278563656148,-0.0,2.9260136547303888,11.511655462081674,-2.561152892138788,0.07168078786949952
Cecil Hills,4.23439420844147,2.7318672312525614,4.149377593360996,-0.5336464058914564,4.507580931566726,15.089573558730297,-1.8031389617429028,0.14146939055605737
Loftus - Yarrawarrah,2.6932399676811203,1.2119579854565041,2.9211295034079847,-0.0,3.3665499596014006,10.19287741614701,-2.840547809215033,0.05517197460934384
Kincumber - Picketts Valley,4.44264943457189,3.365643511039311,3.476245654692932,-0.33088752305872426,6.596661281637049,17.550312358882458,-1.2818094513418221,0.21724237234690527
Avoca Beach - Copacabana,4.61133069828722,4.3478260869565215,2.710027100271003,-0.0,7.905138339920949,19.574322225435694,-0.8530048692740682,0.298802897757514
Yarramundi - Londonderry,3.4919813760993272,1.5519917227108122,9.433962264150944,-0.0,1.5519917227108122,16.029927085671897,-1.6039166616052047,0.16743491901257318
Cromer,5.219605346912794,2.0369191597708465,4.187994416007445,-0.40045384769405323,3.3099936346276255,14.354058709624658,-1.9589643570076327,0.12357917160339041
Castle Hill - Central,16.516516516516518,5.880880880880881,5.599626691553897,-0.9635767970707265,11.26126126126126,38.29470855314183,3.1130763085163764,0.9574289189688509
Niagara Park - Lisarow,2.3247277621436435,1.59060320567723,5.09987250318742,-0.23906858877812043,2.814144133121253,11.590279015351426,-2.5444957895931712,0.0727971344831833
Woollahra,10.671840892553965,3.7593984962406015,3.3944331296673456,-4.68566966028895,17.948096046568033,31.088098904740995,1.586291637416707,0.8300937225742344
Woolaware - Burraneer,6.053268765133172,3.3898305084745766,2.73972602739726,-1.2018508503094767,6.416464891041162,17.397439341736693,-1.3141969664967057,0.2117853872254025
North Rocks,6.272617611580218,3.256936067551267,4.0394973070017945,-1.3020348945351736,6.996381182147166,19.263397273745273,-0.9188770995271218,0.28518674824777823
Sydenham - Tempe - St Peters,9.336957806405861,4.254816215577355,11.612903225806452,-1.8163418874386985,2.481976125753457,25.870311486104427,0.48085673300242426,0.6179501593734762
Glendenning - Dean Park,3.002656195865573,2.30973553528121,4.95926319518243,-0.9722897423432183,1.9632752049890285,11.262640388975022,-2.6139089612255,0.06824861008851338
Greenfield Park - Prairiewood,2.753556677374943,2.638825149150987,5.639913232104121,-1.6498473891165069,2.524093620927031,11.906541290440575,-2.477492799669834,0.0774511581263266
Wyong,4.388852315119596,7.790212859337283,2.95483326298016,-0.4656298641691168,3.2916392363396967,17.95990780960762,-1.195032993890972,0.23235999754470718
Auburn - South,6.361044088615924,3.180522044307962,5.417956656346749,-0.822605190638753,3.948234261899539,18.085151860531422,-1.1684989221948152,0.23712641830833237
Austral - Greendale,5.4818550597522195,2.8505646310711543,7.401315789473684,-0.09032232424630536,3.1794759346562875,18.82288909070704,-1.0122026956354087,0.26654900099636897
The Oaks - Oakdale,5.112365534135691,1.0650761529449357,5.166051660516605,-0.0,2.662690382362339,14.00618372995957,-2.0326647809690757,0.11581576242135208
Berala,2.843302443133951,2.422072451558551,2.67379679144385,-2.8756290438533427,2.948609941027801,8.01215258331081,-3.302553857704079,0.03548368077738389
Budgewoi - Buff Point - Halekulani,2.178649237472767,1.6599232285506798,2.7149321266968327,-0.5345821171590168,1.2449424214130098,7.2638648969742725,-3.461085292707608,0.030439986265572462
Castle Hill - South,6.118355065195586,4.112337011033099,4.065040650406504,-0.9690626741284493,11.133400200601805,24.460070253108547,0.18208452219333893,0.5453957759123763
Toukley - Norah Head,4.657154181529925,3.56718192627824,1.9474196689386565,-0.7603406326034063,4.756242568370987,14.167657712514401,-1.998455074411591,0.11936522474975016
Wamberal - Forresters Beach,4.074505238649593,3.007372914241366,4.168113928447378,-0.5830011441397454,8.440046565774157,19.107037502972748,-0.9520033146045712,0.2784821177451479
Edensor Park,2.9992260061919502,2.9992260061919502,3.378378378378378,-1.2921983524471006,3.676470588235294,11.761102626550473,-2.508305280634708,0.07527799608249057
Waitara - Wahroonga (West),3.3673273042139695,3.655955358860881,3.3085194375516953,-1.42025280499929,5.1953049836444105,14.106854279271666,-2.0113368252423496,0.11801775717837229
Mulgoa - Luddenham - Orchard Hills,3.9442039442039443,2.0202020202020203,7.963988919667591,-0.050416693975709234,4.425204425204425,18.30318261530227,-1.1223071579043364,0.24558358027034136
Maroubra - North,5.4613394653636105,3.35345405767941,2.696629213483146,-3.312720848056537,13.701255149947304,21.899957038416932,-0.3602983461972382,0.4108873466590492
Douglas Park - Appin,3.8211692777990067,1.8150554069545282,4.7090480995627315,-0.0034489168848968826,2.7703477264042795,13.11217159383565,-2.2220692432343463,0.09778609543478398
Illawong - Alfords Point,4.9274823354406845,2.696169579769431,2.3300970873786406,-0.4110827920743238,6.322052807735218,15.864719018249652,-1.638917467419386,0.16261241679640875
Hunters Hill - Woolwich,4.045605001838911,6.895917616770872,1.278772378516624,-2.1680477934091344,13.699889665318132,23.752136869035404,0.03210250683575211,0.5080249375318207
Box Head - MacMasters Beach,4.09612233752048,2.0935736391771345,3.0360531309297913,-0.12466496291217354,3.9140724558529034,13.015156600568135,-2.242622736737432,0.09598771488155683
Maroubra - West,4.182198381671061,5.182289299027184,3.762541806020067,-3.4206411258795932,6.818801709246295,16.525190070085014,-1.4989907713937352,0.1825760949183597
Wiley Park,4.986400725294652,4.261106074342702,4.490057729313663,-2.870882078518625,2.8105167724388034,13.677199222871195,-2.102363089460541,0.10886735348817314
Pitt Town - McGraths Hill,7.3409461663947795,3.62515860068878,6.0012634238787115,-0.04904870045468146,2.4469820554649266,19.365301545972514,-0.8972877685730509,0.28960818049993003
Lake Munmorah - Mannering Park,2.3438204272964933,1.4423510321824573,2.498958767180342,-0.08451989880150784,1.532497971693861,7.733108299551645,-3.3616718834869816,0.033515025761611854
Winston Hills,2.4984384759525295,2.319978584813063,3.2247662044501775,-0.6899882701994066,4.639957169626126,11.99315216464249,-2.4591435117891782,0.07877246784505693
Hornsby - West,4.814979937583593,3.209986625055729,5.714285714285714,-0.31797513434449426,5.171645118145341,18.592922260725885,-1.0609232241511335,0.2571330648965953
Maroubra - South,4.1541453066996645,3.800601025278416,3.794266441821248,-2.9055690072639226,5.126392080608096,13.969835847143504,-2.040365404843273,0.11502952942661254
St Johns Park - Wakeley,3.3577803304762748,2.032340726340903,3.7050759540570586,-1.1076957159868184,2.2974286471679775,10.284929942055395,-2.821045658779549,0.05619744682548946
Bayview - Elanora Heights,6.163599542132606,2.8176455049749056,3.333333333333333,-0.04645185265472338,3.434005459188166,15.702131986974289,-1.6733629832974262,0.15797632075658724
Blue Haven - San Remo,0.8798169980644026,1.1437620974837235,2.7548209366391188,-0.23832561952744793,1.1437620974837235,5.68383651014352,-3.7958284297180667,0.021970731188756892
St Leonards - Naremburn,11.75438596491228,10.0,5.578093306288032,-2.897500905469033,22.719298245614034,47.15427661134531,4.990054993886263,0.9932407087064367
Canterbury (North) - Ashbury,3.8512035010940915,2.888402625820569,5.828476269775187,-1.9818331957060282,4.463894967177243,15.050144168161061,-1.811492430579011,0.14045784872223366
Lawson - Hazelbrook - Linden,3.4864464394665733,1.7432232197332866,1.9461563412260783,-0.08531094774064618,3.5736076004532378,10.66412265313853,-2.7407102934801495,0.06061344696611361
Dover Heights,7.165673832340499,3.798670465337132,1.3869625520110958,-2.673082063619353,11.482344815678148,21.16056960174752,-0.5169441837529103,0.3735670629123827
Wyoming,2.8304314263658976,1.8869542842439315,3.8141470180305133,-0.8352225271447321,4.116991165623124,11.813301367118735,-2.497246510861044,0.07605143541841089
Botany,4.109940919599281,4.966178611182464,2.058319039451115,-0.29147720648245307,4.024317150440963,14.867278514191371,-1.85023415393758,0.13584540699906156
North Sydney - Lavender Bay,15.991200609188594,18.78331500126914,2.5380710659898478,-2.089427496865859,22.083086555546153,19.065150391845982,-0.9608774735094014,0.2767025444609694
Riverwood,4.4170347528960745,3.750312526043837,5.094043887147335,-1.4423250279450475,3.416951412617718,15.236017550759918,-1.7721134930254347,0.14527969230314994
Colyton - Oxley Park,1.408100720616251,0.9939534498467655,2.9994001199760048,-0.8598267449109005,1.408100720616251,5.949728266144372,-3.739496884506101,0.023214343773638593
Berowra - Brooklyn - Cowan,3.2282095852992305,2.069365118781558,3.1038374717832955,-0.0,2.897111166294181,11.298523342158266,-2.6063068368498414,0.06873362437419667
Pagewood - Hillsdale - Daceyville,5.0425725386459455,4.050591055633628,3.5599857600569598,-2.244524962324045,4.546581797139787,14.955206189152277,-1.8316058900457604,0.13804707709201747
Condell Park,14.942528735632184,4.433497536945813,4.127682993946065,-0.3998560518213443,3.5303776683087027,26.63423088301142,0.6426998856160973,0.6553635181762597
Kogarah,8.58825453950597,5.152952723703582,3.1859816806053365,-3.6040906428796684,21.51153279895305,34.83463109988827,2.3800279717554993,0.9152916030253444
Lurnea - Cartwright,2.761982128350934,0.24370430544272947,3.2223415682062297,-2.0193278523005915,1.7059301380991063,5.914630287798408,-3.7469327049458965,0.02304632972126046
Caringbah,11.866322247336132,6.7000322893122375,3.1578947368421053,-0.7507883277441313,8.475944462382952,29.449405408129294,1.2391197725145133,0.7754107607716538
Auburn - North,10.49233252623083,4.681194511702986,3.5087719298245617,-1.4308881045502242,2.0177562550443904,19.269167118252543,-0.917654706393856,0.28543600494652493
Castle Hill - North,6.527520348134418,4.512853574018857,2.7239709443099276,-1.0271610735300591,9.831573857683939,22.56875765061708,-0.21860695835360122,0.4455648713173581
Darlinghurst,12.08313194780087,15.708071532141131,10.0,-3.50099194771852,22.55517963589496,19.065150391845982,-0.9608774735094014,0.2767025444609694
Hoxton Park - Carnes Hill - Horningsea Park,2.393107849393746,2.0740268028079134,2.4612355402412014,-1.4540519581233036,2.6324186343331206,8.106736868652678,-3.282515331402196,0.03617591138104132
Hornsby - East,10.423297262889879,5.171865054105665,4.089219330855019,-1.1678150181011326,13.924252068746021,32.44081869849545,1.872877417160682,0.8667908676733571
Caringbah South,5.249761374482978,1.1931275851097678,1.7446932247746438,-0.7371188481289467,5.806554247534203,13.257017583772647,-2.1913823255441205,0.10052703278553127
Rose Bay - Vaucluse - Watsons Bay,8.091758975567602,5.027889072197345,1.1458034947006588,-1.5576020716107553,12.334040380234113,25.04188985108896,0.30534820468500534,0.5757494064674538
Blacktown (South),2.6277146611020945,2.7050003864286265,1.9662921348314606,-2.3813776269571947,2.086714583816369,7.004344139221357,-3.5160670849928675,0.028858514623640585
North Ryde - East Ryde,4.626060138781804,3.623747108712413,4.823151125401929,-0.8034451729014012,8.481110254433307,20.75062345442805,-0.6037949394120048,0.3534759521347943
Green Valley,3.8975926633549864,2.1398547955674436,3.3453422542460114,-1.8665422305179653,3.3626289644631253,10.878876447113601,-2.6952127826257364,0.06325643049459385
Avalon - Palm Beach,7.613826709304096,3.730775087559007,0.9236453201970443,-0.23240410425648114,6.243337901629359,18.279180914433024,-1.1273921327753724,0.24464269460711421
West Pennant Hills,5.511929930534582,3.020235578375113,3.884075291305647,-0.2554572045318108,10.193295077016007,22.35407867269954,-0.2640886187574756,0.43435890208741196
Hinchinbrook,3.0866521117217496,1.430399759090567,2.985817367504354,-0.7655502392344498,2.4843785289467744,9.221697528028995,-3.0463009495128306,0.04537744097340834
Camden - Ellis Lane,5.672065079483544,3.955519068587208,2.898550724637681,-0.0,7.015448914098068,19.541583786806502,-0.8599408001338551,0.2973517143523155
Oatley - Hurstville Grove,5.07424819043355,2.611745392134915,3.7037037037037033,-1.3777583871041816,6.939780613387061,16.951719512555044,-1.4086266964253569,0.19645075275439033
Forestville - Killarney Heights,5.5203282357329355,2.9839612085042897,2.2222222222222223,-0.22393658116021542,5.5203282357329355,16.022903321032167,-1.6054047089268364,0.16722758716226171
Kingsgrove (South) - Bardwell Park,5.570823739136894,4.605214291019832,5.29595015576324,-1.5843257373716035,5.79365668870237,19.681319137250732,-0.8303366171021951,0.3035738989648312
Katoomba - Leura,6.852310832482869,7.872867764980318,2.9218407596785974,-0.1712605264059266,6.633620061233416,24.109378891969275,0.10778742264204944,0.5269207965999125
Pendle Hill - Girraween,6.823956442831216,3.9201451905626135,3.0378348522507594,-1.568979042922784,2.323049001814882,14.536006444536685,-1.9204171030063515,0.1278150611365109
Newport - Bilgola,8.252601363473268,4.162181557229996,1.400560224089636,-0.6898811679688174,7.247936849659132,20.373398826483214,-0.6837133487066254,0.3354330261978807
Terrigal - North Avoca,5.623576309794989,5.054100227790433,2.368966538347646,-0.8904455195749607,11.603075170842825,23.75927272720093,0.033614302172784605,0.5084027843510036
Penrith,12.040512784191515,6.8701749415680995,4.262295081967213,-0.3848337037357732,14.661094978397903,37.44924408238896,2.933957103108696,0.9494997558938653
Richmond - Clarendon,6.556221360592175,3.8068382093761013,5.489742848887605,-0.06695878552833161,5.146281283045471,20.93212491637302,-0.5653422323278559,0.3623122735805041
Haberfield - Summer Hill,5.270184807813927,5.270184807813927,6.201044386422977,-1.726817475392851,11.805213969503198,26.81981049616118,0.6820165854859903,0.6641886296739303
Erina - Green Point,10.184729929058088,4.7762871391444826,5.268050821196158,-0.14795788526753745,12.57287349863033,32.65398350276152,1.918038286341881,0.8719195173878285
Randwick - South,4.846186262115466,6.321112515802781,3.0757400999615534,-2.0755500207555,20.859671302149177,33.02716015927348,1.9970990967052007,0.8804921651302252
Roselands,7.202293545905881,3.0767079225229006,3.548795944233207,-1.9198595759852992,1.8879798615481436,13.795917698224834,-2.0772115192785097,0.11133155131838075
Woy Woy - Blackwall,4.048300411809869,4.257695260696587,3.3772374197906116,-0.7461615726790071,2.582536469602848,13.519607989220908,-2.135750200956213,0.10567034051395703
Emu Plains - Leonay,3.024886566753747,1.3062010174618452,4.098360655737705,-0.21748586341887777,3.8498556304138596,12.061818006948279,-2.444596039319389,0.07983462958483144
Narwee - Beverly Hills,4.661685062041544,4.524576677863852,4.555116914667476,-2.0643486979857855,4.456022485775005,16.133052442362093,-1.5820686329928573,0.17050271262759512
Beacon Hill - Narraweena,4.445052314846475,2.5302605484510705,2.0592020592020592,-1.151914481868866,3.2141147507351433,11.096715191365881,-2.6490616974799237,0.06604686481685884
Monterey - Brighton-le-Sands - Kyeemagh,5.690948044991965,5.289234065345474,2.3011176857330704,-1.7752004497174472,5.356186395286556,16.862285741639617,-1.4275740402075492,0.19347695831824915
Lilyfield - Rozelle,7.391763463569166,5.01583949313622,3.445036016285625,-1.942340242515053,9.767687434002113,23.67798616447807,0.01639301727091791,0.5040981625428588
Gladesville - Huntleys Point,7.39335252551688,4.449097095001308,2.019619157530294,-1.696280904117722,10.075896362208846,22.241684236139605,-0.2879003847929331,0.4285179651585226
The Entrance,5.319148936170213,6.162428645563051,2.773497688751926,-0.6494631104953239,3.3731188375713543,16.97873099756122,-1.4029040718816201,0.19735568347104235
Chittaway Bay - Tumbi Umbi,3.440147798942473,1.6563674587500796,3.315963998105163,-0.0816373180508274,3.1216155953366886,11.452457533083578,-2.5736945025443405,0.0708507057721953
Windsor - Bligh Park,4.204357242960887,3.885845330615365,3.6003600360036003,-0.43994720633523976,4.013250095553573,15.263865498798186,-1.7662136563115305,0.14601382996471302
Cambridge Park,1.7526289434151225,1.0640961442163244,2.73224043715847,-1.6699306219732506,0.7511266900350525,4.630161592851719,-4.01905887933737,0.017652652941491497
Fairfield - East,6.167509559639818,1.6652275811027508,2.9128388976025095,-2.4511949575418015,1.9736030590847418,10.267984139888018,-2.8246357784406544,0.05600733252814206
Kensington (NSW),3.007795715425695,3.37609723160027,2.3494860499265786,-2.649307395352358,6.813578049229636,12.897649650829823,-2.2675176343884997,0.09384910347490297
Warnervale - Wadalba,2.7497708524289646,1.1610143599144518,3.3313737017440723,-0.06994637444625787,3.299725022914757,10.471937562555988,-2.781426422787977,0.058336148416036814
Casula,5.094614264919942,2.8505579815623485,2.1244954323348204,-0.4242141432995376,4.488112566715187,14.13356610223276,-2.0056776867814263,0.11860808898477071
West Hoxton - Middleton Grange,3.437462308527319,1.2664334820890122,1.4806588932074773,-0.4318441906160257,3.3168495959474127,9.069560089155196,-3.0785326258357495,0.04400149974468398
Paddington - Moore Park,11.406615837185567,5.643273098397071,4.590665646518746,-1.0738255033557047,11.586720297772708,32.15344937651838,1.8119956576170315,0.8596028946053383
Sylvania - Taren Point,9.024084145102492,5.438355345724018,2.608242044861763,-1.6467682173734048,4.482160999223092,19.90607431753796,-0.7827202231590409,0.3137339120224286
Glenwood,5.436405997968815,3.166258438377442,2.819548872180451,-0.9768296018442543,4.181850767668319,14.627234474350772,-1.901089629438295,0.1299851995181414
St Marys - North St Marys,6.311026434865444,2.7387473207906647,5.1731893837157,-0.9327923137913344,3.5127411288402004,16.802911954420672,-1.440152907749117,0.1915216710374593
Wentworthville - Westmead,6.485392991015649,5.235913607425478,2.870813397129187,-1.5244677066924133,7.7348723746058194,20.802524663483723,-0.5927992043488022,0.3559928449098612
Bonnyrigg Heights - Bonnyrigg,3.567606136282554,2.021643477226781,3.3076074972436604,-1.1563590109275927,2.497324295397788,10.23782239522319,-2.8310258136520248,0.0556704450392518
Blacktown (West),2.8522193832075584,2.555113197456771,1.9637791839406502,-2.352790195281586,1.8420583516548814,6.860379920978275,-3.5465671914679224,0.02801590132576422
Kingsford,4.98220640569395,5.456702253855279,1.2492192379762648,-2.482498386376049,7.236061684460261,16.441691195609707,-1.5166807543153524,0.1799508153395265
Balmain,5.277827195635415,5.989444345608729,1.7411491584445733,-1.5494867325198527,14.173041570301844,25.63197553747071,0.43036313189185105,0.6059603776399114
Kogarah Bay - Carlton - Allawah,4.0134568848492,3.3642212123000648,3.686150605581885,-1.998116061998687,4.190521159180783,13.256233799913245,-2.1915483771606747,0.10051201917038227
Bankstown - South,9.141306912007549,4.659117716442557,3.9387308533916845,-1.1304033279073975,7.077140835102619,23.68589298903701,0.01806814872976492,0.5045169143012097
Leumeah - Minto Heights,2.2898074213245656,1.5852512916862376,2.9076269290986354,-0.38061244771865127,2.6420854861437295,9.044158680534515,-3.083914141305371,0.04377567901801969
Revesby,4.160318762451658,2.5196296730341032,3.573130061934254,-1.7673048600883652,4.6290870737138174,13.114860711045468,-2.221499529716472,0.09783636934466816
Sans Souci - Ramsgate,5.440823729011877,4.972795881354941,1.92466318394281,-1.7347934511547218,5.323816767097642,15.927306110252548,-1.625657832536854,0.1644260632442579
Pymble,4.588488122204798,2.6717778939420342,3.480951460065751,-0.8779288682521411,14.520532032293664,24.383820640254108,0.1659303601444373,0.541387673413984
Padstow,6.3890340942092125,2.4394493814253355,3.479125248508946,-1.2290485627813368,4.007666840913052,15.08622700227521,-1.803847959641482,0.14138330053507406
Bankstown - North,7.044693382607691,3.2913731377757243,2.7519051651143096,-1.824418010654601,9.23894214112484,20.50249581596796,-0.6563629975364096,0.3415570863071369
Engadine,3.960055096418733,2.1235078053259873,1.9319938176197835,-0.3350532734704818,4.706152433425161,12.386655879319182,-2.375776232457978,0.08503862918372664
Picton - Tahmoor - Buxton,3.841743119266055,2.0642201834862384,1.6217311980539226,-0.010531393029481582,2.8669724770642198,10.384135584840955,-2.8000280565946998,0.0573226597922148
Jamisontown - South Penrith,5.207743688441073,1.6415713800520775,1.6856300042140748,-1.330657233785387,2.377448205592664,9.581736044514503,-2.9700235715508483,0.0487986288588815
Homebush,10.89275687815834,6.962380685008423,3.2023289665211063,-1.3009314669303222,5.334081976417743,25.090617039175292,0.31567149503451297,0.5782690016408484
Erskineville - Alexandria,14.64482100774324,7.7993491190663224,3.5523978685612794,-1.3888888888888888,6.284367635506677,30.892046741988626,1.5447562343034447,0.8241550783282043
Manly Vale - Allambie Heights,4.037911502439572,2.4676125848241828,2.5963650888755745,-0.8552399482579831,5.271717794851663,13.51836702273301,-2.136013110799192,0.10564549702644473
Blacktown (East) - Kings Park,10.353704947391986,5.316767405417506,4.7148630444544235,-1.5046455932692187,8.954555630176854,27.835245434171554,0.8971455536821962,0.7103625600039348
Dulwich Hill - Lewisham,3.9655942806076854,2.90437890974084,5.215879455230368,-2.220906129700918,4.300714924039321,14.165661439917296,-1.9988780026051933,0.11932077489207925
Ashcroft - Busby - Miller,1.394777951350145,1.4505690694041509,2.9437229437229435,-1.8304960644334614,2.287435840214238,6.246009740258016,-3.676727005870049,0.024681093260494582
Croydon Park - Enfield,5.075575882648224,4.238942495398517,4.086538461538462,-2.5181939512981293,4.406269172848458,15.289132061135529,-1.7608607092323725,0.14668257481850056
Randwick - North,3.551609322974473,2.774694783573807,2.5884383088869716,-3.0998140111593306,7.769145394006659,13.58407379828258,-2.122092543071657,0.10696801405347334
Gymea - Grays Point,4.264274242675971,2.1598272138228944,2.089427496865859,-0.8623960812722068,4.818076092374149,12.469208964466667,-2.3582866234595032,0.08640935738937491
Surry Hills,13.396811337466785,15.223649247121346,7.936507936507937,-0.7596475235490732,11.403897254207264,47.20121825175426,5.0,0.9933071490757153
Cabramatta West - Mount Pritchard,3.592152528322741,2.210555402044764,2.7613412228796843,-1.4973141926669036,2.9842497927604312,10.050984753340718,-2.8706090381539746,0.05362573490730524
Lakemba,6.724251038705445,5.084189809752897,2.6246719160104988,-3.201317113326626,4.209490487644872,15.441286138787088,-1.7286255078356576,0.15076347680832966
Bondi Junction - Waverly,11.139019329474719,9.610134323468385,3.265063817156426,-2.377744313228184,25.4450147428197,47.08148789969105,4.974634054692272,0.9931363872121075
Auburn - Central,6.083445491251682,3.768506056527591,2.607561929595828,-1.8753683759309863,6.191117092866756,16.77526219431087,-1.4460107565788505,0.19061627381995433
Fairfield,8.304757822546078,2.946849549935705,2.3534445870774494,-1.8910741301059,7.393913416202314,19.107891245655644,-0.9518224415859251,0.278518461985737
Oatlands - Dundas Valley,5.534564419136821,2.8204991751370336,2.78432212465196,-1.4811645244639007,4.3637911766271085,14.022012371089021,-2.029311341859723,0.11615960553857922
Wahroonga (East) - Warrawee,3.989998404000638,3.404798638080545,2.797463632972771,-0.4502138515795003,15.640793743682503,25.382840567156958,0.3775816615101002,0.5932896969373433
Smithfield - Wetherill Park,4.4402156676181415,1.850089861507559,2.4906600249066004,-1.3610997686130393,2.907284068083307,10.327149853502569,-2.812100993152067,0.05667375317481464
Bidwill - Hebersham - Emerton,1.6365748073065145,0.8974765072326047,2.6459143968871595,-0.9844134536505332,1.3198183929891247,5.51537065076487,-3.8315194278783498,0.021216746401049005
Miranda - Yowie Bay,7.905138339920948,4.53227931488801,2.8621752531924263,-1.1672892209178227,12.121212121212121,26.25351580829568,0.5620419939733132,0.6369248865087411
Blacktown (North) - Marayong,2.7918246944795615,1.7383059418457647,3.408179631114675,-1.896273821939888,2.370417193426043,8.412453638926156,-3.217746500936234,0.038503325175749586
Peakhurst - Lugarno,6.33740114177971,2.7758864505316083,2.3778642455685257,-1.0766000968940088,4.1900172838212955,14.60456902480713,-1.90589150752177,0.12944312388296955
Asquith - Mount Colah,3.9775998325221122,1.5177683571465956,3.200301204819277,-0.08649296956312401,3.925262992620506,12.534439417545368,-2.344466968905084,0.087506573215253
Normanhurst - Thornleigh - Westleigh,4.644851521319346,1.6700589739575178,2.896451846488052,-0.7008269758314811,4.644851521319346,13.155386887252781,-2.212913697039196,0.09859681391109634
Neutral Bay - Kirribilli,7.133558969018486,6.456651913564176,2.3837902264600714,-3.1665611146295123,10.153605831814632,22.961045826227853,-0.13549720183874925,0.4661774308112658
Prestons - Edmondson Park,5.9836620011447,2.861751391851813,2.5510204081632653,-1.2029181378827225,4.474738539986472,14.668254203263526,-1.8923992332086952,0.13097115234982035
Campbelltown - Woodbine,9.25590775117638,5.739696985366359,3.593320651025153,-0.8001396607407838,12.668700553286106,30.457486280113216,1.4526907160878721,0.8104121924301936
Crows Nest - Waverton,7.287951620406264,7.184576420116813,2.349781805975159,-2.026205592327435,13.542151237918022,28.33825549208882,1.003712730663601,0.7317879192746852
Drummoyne - Rodd Point,7.789527985555842,5.313386639153984,2.163981726376533,-1.889491726725511,12.277534175909206,25.654938800270052,0.43522810437558324,0.6071213979985419
Gosford - Springfield,8.61490843435646,4.849110136703636,3.31832187722209,-0.4138974953288711,12.690224400309516,29.058667353262834,1.1563384229352707,0.7606667506952562
Blaxland - Warrimoo - Lapstone,3.3503427658368126,2.267924333797227,2.822732404968009,-0.16838702072844225,5.9790732436472345,14.25168572752084,-1.9806529883386714,0.12124924616848022
Cherrybrook,5.174710523619223,2.9716159442565835,2.291825821237586,-0.6059577768621083,6.5068142227687265,16.33900873502001,-1.5384349514299327,0.1767629019713055
Chester Hill - Sefton,6.7467416304625605,1.9933554817275747,2.544991819669151,-1.788761076558974,3.7311525683618703,13.227480423662183,-2.1976400369347298,0.09996261484947966
Bradbury - Wedderburn,1.1722731906218145,1.0703363914373087,2.816901408450704,-0.5183396761741075,1.6309887869520896,6.17216010128781,-3.6923727119991403,0.02430725853238686
Chipping Norton - Moorebank,8.475003783483832,3.6825909297280934,2.9613177864149547,-0.27604863977032756,4.136608989557584,18.979472849414137,-0.9790290267118786,0.27308448846219086
Bossley Park - Abbotsbury,2.5204153644520617,1.764290755116443,2.640666260410319,-0.31530489983814347,3.629398124810969,10.239465604951647,-2.830677684983037,0.0556887494285623
Turramurra,5.161354980958108,2.5055121266786933,4.342900302114804,-0.38754808018369774,8.869512928442575,20.49173225801048,-0.6586433535009677,0.34104442917829203
Belmore - Belfield,7.20425299349133,3.8257067620609133,3.259319617029945,-2.8802481444555226,3.9250757688676905,15.334106996994358,-1.7513323670571879,0.1478792263989421
Fairfield - West,2.819827842089641,2.127238547541308,2.3533671252715425,-2.3446658851113718,3.215593153260117,8.171360783051238,-3.2688241774887783,0.03665632705867828
Bondi - Tamarama - Bronte,5.711472181191532,4.234367306745446,2.1459227467811157,-2.4035572647518326,8.517971442639094,18.206176412605355,-1.142858789046465,0.2417958706103603
St Clair,2.603399155123293,1.2280184693977798,1.9224047535826632,-0.5552856250433816,2.2104332449160036,7.408969997976358,-3.4303434800221497,0.03136049667039852
Cremorne - Cammeray,3.4620635849424617,3.120733372342501,2.3316062176165806,-2.7785495971103082,10.386190754827386,16.52204433261862,-1.4996572239945167,0.18247665319671585
Kingswood - Werrington,3.2606089666746585,1.7262047470630544,3.483713638738896,-0.9270550314129031,4.411412131383361,11.954884452447066,-2.4672508686780015,0.07818614384176657
West Ryde - Meadowbank,6.171953495048084,4.3538586670494235,1.4548981571290012,-2.295348788681844,6.411176498732118,16.096538029276783,-1.5898045377931433,0.16941139887397022
Claymore - Eagle Vale - Raby,1.716656334938725,0.6675885746983931,2.169533550286688,-0.2618166585212595,1.5259167421677555,5.817878543570302,-3.7674304267869023,0.022589303589241213
Minto - St Andrews,4.562954513047198,1.3783925091496743,2.1562448167191905,-0.2416762665850338,2.614192689766624,10.470108262097654,-2.781813976441482,0.05831486255856592
Homebush Bay - Silverwater,9.925323754608186,7.325834199829851,3.7373198077949814,-1.2431294896953444,7.1840438604783055,26.929392133015977,0.7052324347613901,0.669346847645983
Baulkham Hills (West) - Bella Vista,9.945834889802017,6.677250653716847,2.807017543859649,-1.0945809123331904,20.918939110945086,39.25446128599041,3.3164085038274393,0.9649874492026677
Hassall Grove - Plumpton,2.0532922674879837,1.4466377339119885,2.6262036766851473,-0.6446102525260664,1.866629334079985,7.348152759639039,-3.4432281555855946,0.030971453206612844
Pennant Hills - Cheltenham,4.146864225142112,3.4479545242754637,3.216008576022869,-0.6017888172593033,12.76675053583077,22.97578904401191,-0.1323737193672958,0.46695480976435855
Balgowlah - Clontarf - Seaforth,5.492203863160345,4.607865952990458,1.2720623310542216,-1.4453905182382003,7.726320688852688,17.65306231781951,-1.2600409540990132,0.22096684228067134
Rosemeadow - Glen Alpine,1.721170395869191,1.4885798018328138,2.0756825802331154,-0.16638000777826537,2.698050890821975,7.81710366097883,-3.3438767153667053,0.03409625226032931
Glebe - Forest Lodge,5.372360133382735,5.603927380511301,2.5678650036683788,-1.303327830393605,8.382734346054095,20.623559033222904,-0.6307146728238493,0.3473485055794323
Petersham - Stanmore,5.54708084870337,4.899921416354643,4.171301446051168,-2.3307694868977458,7.026302408357602,19.31383663256904,-0.9081910705024594,0.2873701427528895
Menai - Lucas Heights - Woronora,3.4632434429257484,2.031769486516439,2.1670278379729955,-0.059871814445272675,4.525304765422978,12.127473718392888,-2.430686289978932,0.0808624449235923
Riverstone - Marsden Park,5.58427173712387,2.399852316780506,6.7126965861143075,-0.3525515921481724,2.6767583533321027,17.021027401202613,-1.3939432006990593,0.19877899340528776
Five Dock - Abbotsford,7.468191038170754,5.301493638207634,2.17296827466319,-1.7315267737327389,9.911488106214273,23.122614283523113,-0.10126747996303109,0.4747047434361125
Holsworthy - Wattle Grove,2.9033596018249685,2.3964237983317203,2.7615833077631176,-0.09497951834529396,3.7328909166321025,11.699278106206615,-2.5214033578949406,0.07437128001493848
Rockdale - Banksia,7.5959856366817045,5.4322806371420675,2.8401755744900594,-1.9574944071588367,3.36064819077433,17.271595631929323,-1.3408580812874646,0.20736898282170124
Ingleburn - Denham Court,5.147768534264834,2.573884267132417,3.394675719135251,-0.4527974798585978,4.458335248425794,15.121866289099698,-1.7962974581619653,0.14230237081961108
Sutherland - Kirrawee,5.193014705882352,3.3547794117647056,3.064977523498161,-0.6447702683533857,5.836397058823529,16.80439843161536,-1.4398379842683795,0.19157043887935735
Lidcombe,7.213747472891013,5.973166697298291,3.5385704175513095,-2.1862360822649407,7.029957728358758,21.56920623383443,-0.43037086060108276,0.3940377769591603
Yagoona - Birrong,4.763213336997343,1.5572043601722085,2.428363283147159,-1.2590833872940501,3.206008976825135,10.695706569847795,-2.7340189584089214,0.06099556999929969
Glenmore Park - Regentville,1.8318373328448434,1.3738779996336326,1.8502704241389127,-0.7581501137225171,2.5645722659827808,6.862407908877652,-3.546137544104043,0.02802760343053518
Canley Vale - Canley Heights,4.114473804516778,3.2915790436134227,3.4692107545533393,-1.477077601964513,2.834415287556003,12.232601288275028,-2.4084140746048655,0.08253332742046372
Rooty Hill - Minchinbury,4.061701350857978,2.646951442132165,2.1231422505307855,-0.6837887366319302,2.5100401606425704,10.65804646753157,-2.741997587713648,0.060540190576821
St Ives,6.749977196022987,2.8276931496853055,2.3549201009251473,-0.6750067500675007,9.896926023898569,21.154509720464507,-0.5182280237696437,0.37326667426031895
Punchbowl,6.2913152496010945,3.236836106678824,2.4860161591050343,-2.478173014602158,3.738317757009346,13.274312257792142,-2.187718294262714,0.10085882470128958
Guildford West - Merrylands West,4.009476945507563,2.2325496628394386,1.9940179461615155,-1.2807845720349837,2.0047384727537816,8.959998455227314,-3.1017442373122837,0.043035364172249124
Lethbridge Park - Tregear,1.272900850115925,0.8182934036459517,2.594210813762971,-0.7987787560352172,0.9546756375869436,4.841301949076573,-3.9743269075694583,0.018445322452679765
Dural - Kenthurst - Wisemans Ferry,10.063463281958295,3.989120580235721,5.799078969810677,-0.002648728769114551,6.43699002719855,26.28600413043413,0.5689249354188419,0.6385150726193778
Northmead,4.078673071694009,3.12698268829874,3.2856590645535366,-1.685431133283894,13.91280703344512,22.718690724707514,-0.18684229641399952,0.45342484219263834
Oyster Bay - Como - Jannali,3.8036587574714726,2.35464589748234,2.254428341384863,-0.449170718560857,4.165911972468756,12.129474250246574,-2.4302624594237514,0.08089395117923641
Springwood - Winmalee,3.84493599312435,2.4426652191613516,2.1981738248224554,-0.014354472207588636,4.0258741575066725,12.49729472240724,-2.352336404592106,0.08688024164601292
Granville - Clyde,7.167816503897501,3.763103664546188,2.861742085494545,-1.4264572151989017,3.091120867305797,15.457325906045128,-1.7252273397687894,0.15119907388376008
Guildford - South Granville,6.080386283363884,2.906066973666562,2.349831105889264,-1.1771283952797151,4.828542048553673,14.987698016193669,-1.8247222060552133,0.1388682098787376
Kurrajong Heights - Ebenezer,4.188388361627233,2.361538118789823,3.4915092842405966,-0.0060268193460901,2.807111348750167,12.84252029406173,-2.279197281399738,0.09286055000422916
Bateau Bay - Killarney Vale,2.181170709993323,1.647006454484754,1.5833919774806473,-0.36834108384363917,2.314711773870465,7.357939831985551,-3.4411546768261454,0.031033743468314633
Cobbitty - Leppington,3.7235693071501395,1.5958154173500598,5.487470276202671,-0.04540724623971242,1.950441065650073,12.711888820113233,-2.30687272681976,0.09055536199987906
Gorokan - Kanwal - Charmhaven,3.1018744183985465,2.038374617804759,1.8047283883775491,-0.8889679082585118,2.304249567953206,8.36025908427555,-3.2288043838858256,0.038096035910205474
Freshwater - Brookvale,12.057205720572057,5.148514851485148,2.4394820791893417,-1.670425123193853,7.964796479647965,25.93957400770066,0.4955306173133778,0.6214084362552684
Gordon - Killara,6.905652078293381,4.00263910270508,3.1462162609703594,-0.5140771458436862,14.603034968110842,28.143465264235978,0.9624446797387503,0.7236110036541098
Chatswood (West) - Lane Cove North,3.117316473480857,1.975763962065332,1.8820577164366374,-1.4447735317488983,6.19072708113804,11.721091701371968,-2.516781952775902,0.07469004487801721
Ermington - Rydalmere,7.127552582098037,4.4164589619135075,3.6591740721380033,-1.2163723721288544,3.104639468275832,17.091452712296526,-1.3790229690392977,0.20116596104353346
Toongabbie - Constitution Hill,3.6678019386953102,2.095886822111606,3.035714285714286,-1.4706865432181295,3.4931447035193433,10.821861206822415,-2.707291970918523,0.06254444229034632
Elderslie - Harrington Park,4.625992842803526,2.6621279567076894,2.285387801742608,-0.13926671432683113,4.276861307497599,13.711103194424592,-2.095180230032514,0.10956616067156935
Bondi Beach - North Bondi,7.575427750446253,6.051634812138099,1.2278978388998034,-1.625685836212152,6.748225869650398,19.9775004349224,-0.767587961740813,0.3170011093931625
Concord - Mortlake - Cabarita,6.1987949195890595,5.028393081624691,1.9538882375928095,-1.1077351563489048,10.750357622783822,22.823698705241476,-0.16459541711230763,0.45894379393179197
Bass Hill - Georges Hall,4.880366243413665,3.1959920532089487,2.243493867783428,-1.45803658550263,3.7574501166105208,12.619265695513933,-2.326495763688275,0.08895223688981023
Macquarie Park - Marsfield,5.163733379233185,4.174017814880158,4.62962962962963,-0.937031484257871,4.647360041309867,17.67770938079497,-1.2548192534971347,0.22186701795235142
Mount Druitt - Whalan,4.107384823848238,2.4136178861788617,2.133902373966391,-1.0362097749122101,3.345189701897019,10.963885010978299,-2.6772029585124493,0.0643320348854401
North Parramatta,6.145815793904697,3.0729078969523487,3.2096288866599796,-0.7081350555177883,6.98770836841219,18.707925890411428,-1.0365586772294515,0.26181454504440477
Potts Point - Woolloomooloo,5.880129362845983,8.40018480406569,6.901311249137335,-2.056061956000274,6.636145995211894,25.76170945526063,0.457848422016772,0.6125036380915968
Quakers Hill,3.0869347572167527,1.7937593859502752,1.918070968625839,-1.6736401673640167,2.5029200734189887,7.628045017847839,-3.3839304788358215,0.03280146902137758
Manly - Fairlight,6.161019065856299,6.3275330946632256,1.4447387430772938,-1.4847589493845674,8.7836150195654,21.232146973777652,-0.5017798776859861,0.37712248219412636
Pyrmont - Ultimo,8.968982269650791,9.591828260598763,2.1314387211367674,-2.682223563334004,6.934352032554084,24.9443777206064,0.2846893882191974,0.5706955130137633
Doonside - Woodcroft,2.9700519759095783,1.4850259879547891,2.2765214751859157,-0.8072165156499101,2.846299810246679,8.770682733647053,-3.1418524651488022,0.04141351682446465
Umina - Booker Bay - Patonga,2.556595604304977,2.8864789080862643,0.9516558812333461,-0.2774650790379096,2.5978310172776378,8.715096331864316,-3.1536289412317413,0.040948525699065555
Baulkham Hills (East),4.513746409519901,2.7492819039803034,2.011138613861386,-0.8425512451703759,5.621665982765696,14.05328166495691,-2.0226866624497326,0.11684146989322966
Lindfield - Roseville,5.619807786284411,4.398110441439973,1.7469791818314166,-0.50519508950373,13.80517999674214,25.06488231679421,0.3102193640653885,0.5769388045088079
Macquarie Fields - Glenfield,2.52484117934517,1.343867079328881,1.9835647492207424,-0.8115768313543344,2.0768854862355433,7.1175816627760025,-3.492076703441553,0.029538515218739323
Cronulla - Kurnell - Bundeena,4.718693284936479,5.04133897963299,1.504082509669102,-0.1993103860642178,4.073401895543456,15.13820628371781,-1.792835684245249,0.14272541207155556
Arncliffe - Bardwell Valley,5.105938165882684,3.578177139870542,3.5561877667140824,-1.001482193646597,2.5328669641780244,13.771687842998736,-2.0823448306894274,0.1108246901043561
Rouse Hill - Beaumont Hills,7.286703767466069,3.4832045481843297,2.523977788995457,-0.3817574476787784,5.885414581414902,18.797543238381976,-1.017572441007208,0.26550052924212003
Kellyville,4.818605392059257,2.5885070287921628,1.8609597235145554,-1.0337374306926042,6.690295089801282,14.924629803474653,-1.8380837706620063,0.13727807929778546
Mortdale - Penshurst,4.246874379837269,3.254614010716412,3.005657708628006,-1.1444640638283958,5.159753919428458,14.522435954781749,-1.923292132562275,0.12749490033049063
Kingsgrove (North) - Earlwood,5.910118599024236,4.085518226171116,3.927344133529701,-1.5850565743269607,4.720161834120027,17.05808621851812,-1.3860919589963876,0.20003238630616704
Seven Hills - Toongabbie,4.846526655896607,3.7038496394657,3.0916679548616477,-0.9818535610043468,3.1128098033807476,13.773000492600355,-2.0820667341380594,0.11085209742157846
South Hurstville - Blakehurst,5.701254275940707,3.9318995006487634,2.0625644551392233,-0.8001408247851622,7.667204026265089,18.56278143320862,-1.067308827877822,0.25591520749325847
Redfern - Chippendale,5.207925444435743,5.59949878612264,6.714060031595577,-0.9245989552031806,5.051296107760984,21.64818141471176,-0.41363926260373685,0.39803981612007266
Warriewood - Mona Vale,8.412567985287788,4.969284344797903,0.9056603773584906,-0.42871719241685036,8.6473373244121,22.50613283943943,-0.2318745843804617,0.4422896926772875
Castlereagh - Cranebrook,2.0624173087399797,1.4008872285780993,2.658160552897395,-0.2656696132689388,1.2063195579422523,7.062115034888787,-3.5038278043541133,0.029203514150181124
Hurstville,10.139072333152047,6.448605391966436,2.91601866251944,-2.1977418202796626,8.507497474943671,25.813452042301932,0.4688105515883709,0.6151021912944769
Lalor Park - Kings Langley,5.033881897386253,1.5488867376573088,3.0855127828386717,-0.7627247919456263,2.6718296224588576,11.577386248395467,-2.5472272375162297,0.07261298299638329
Cabramatta - Lansvale,10.119207328759249,4.86795201042585,2.78853601859024,-0.9214891264283082,6.362834911265285,23.217041142612313,-0.08126230581994864,0.4796955957654037
Malabar - La Perouse - Chifley,3.1423644376317306,3.065721402567542,1.5693112467306014,-0.8456373568758774,4.4452960337229355,11.377055763776932,-2.5896690413590977,0.06980627007194676
Ashfield,5.3971291866028706,4.287081339712919,2.987132352941176,-1.6349219324777242,5.435406698564593,16.471827645343836,-1.5102960780611525,0.18089491854440723
Narrabeen - Collaroy,4.448500057032052,2.9656667046880347,1.165307141668054,-1.2565971349585323,3.878179536899738,11.201056305329347,-2.6269560998220522,0.06742359205453691
Frenchs Forest - Belrose,5.693171963955812,3.317875051841798,2.7840381810950547,-0.1659359951679438,4.7882969498171395,16.41744615154186,-1.5218172836181627,0.17919407102306578
Burwood - Croydon,10.21716181571407,7.276428894586035,3.188775510204082,-2.003338898163606,11.989141909214297,30.668169231554877,1.4973257825639017,0.8171752873725066
Eastwood - Denistone,6.870916873169633,6.608094916272433,3.3789491468153408,-0.8951292182964412,10.92588420815499,26.888715926115957,0.6966148167407997,0.6674368066187284
Concord West - North Strathfield,6.7956089911134345,7.65439474273766,1.786777843954735,-1.7636684303350971,7.393025166156374,21.866138313627104,-0.36746314533641655,0.40915415702114166
Strathfield,7.235296311490695,5.967254689889233,2.615167974250654,-1.3950244129272262,18.162831462350354,32.58552602505371,1.9035349577746654,0.8702910902073181
Dee Why - North Curl Curl,4.808229900480823,3.615490700361549,1.5576323987538943,-1.7185505253854463,6.895523500689552,15.158325974900372,-1.7885731478261153,0.14324774882962052
Willoughby - Castle Cove - Northbridge,6.1434209546503835,3.8349839898726636,1.2933264355923435,-1.02308450678026,8.97311787921662,19.22176475255175,-0.9276973212789139,0.2833921115224899
Panania - Milperra - Picnic Point,3.163026085662189,1.9722397945893646,2.379619260918253,-0.7643719294832151,3.572358873218472,10.322872084905065,-2.813007276666761,0.056625321053913304
Double Bay - Bellevue Hill,10.366914732126329,6.220148839275797,1.9712201852946973,-1.4849384811200677,19.363915731793107,36.43726100736986,2.7195594429420575,0.9381709836329859
Mascot - Eastlakes,6.649918723215605,5.024383035318457,2.2238695329873983,-1.29764801297648,3.1402393970740357,15.740762675619015,-1.6651787266033118,0.15906803882229253
Newtown - Camperdown - Darlington,5.974499089253188,7.3224043715847,3.9515929859224497,-1.2190661952944044,13.114754098360656,29.14418434982659,1.1744559630605353,0.763949507346756
Greenacre - Mount Lewis,6.633318834275772,3.2260403073800203,1.040943789035392,-1.2890843204377158,5.074670146440481,14.685888756693949,-1.8886631954360333,0.1313969661887725
Coogee - Clovelly,4.075155973890151,3.93090266507988,1.2626262626262628,-2.085723224528105,8.258501929388006,15.441463606456196,-1.7285879097236427,0.15076829070260525
Greystanes - Pemulwuy,4.322922295471739,2.3055585575849276,1.4682327816337426,-0.9283718888992042,2.8819481969811593,10.050289942772364,-2.870756239983522,0.0536182649030254
Bexley,5.141843971631205,2.375886524822695,2.5985937022317334,-1.8947288642995188,3.4397163120567376,11.661311646442854,-2.5294468917633384,0.07381945377813798
Marrickville,8.432838465081671,5.456542536229317,3.8399353274050116,-1.3762967295748962,5.385678347447118,21.73869794658822,-0.39446252623357037,0.40264350151632194
Leichhardt - Annandale,8.133230054221533,5.6686148862756145,2.7673775028487713,-2.459584553809002,10.738680374621506,24.848318264158422,0.2643383337325025,0.5657024496900429
Lane Cove - Greenwich,5.905167895454069,3.2845312554596595,1.5410479125805547,-1.8771877519020328,16.527481742898075,25.381041054490325,0.3772004186665292,0.5931977008997292
Epping - North Epping,4.9007765314926655,3.0025884383088868,2.7708910602304213,-1.2386550458302368,8.697152717860224,18.13275370206196,-1.1584140465721888,0.23895558058808772
Carlingford,4.866262846253318,3.8793983529571907,2.59704756697649,-0.923484203289656,7.554617845232424,17.97384240812977,-1.1920808246380887,0.2328869885202309
Liverpool,6.65877978705425,3.684299476085854,2.131344078859731,-1.1078578776608372,9.32905188440088,20.69561734873988,-0.6154484745802691,0.3508173312900918
Ryde,4.684624393508448,3.647314706374435,2.0628371945414155,-0.6879282353264907,5.119625230048519,14.826473289146328,-1.8588791056054377,0.13483375482133186
Mount Annan - Currans Hill,3.325212352670047,1.4815302561401198,1.8453967603034653,-0.15305731996632738,2.3375255152433003,8.836607564390604,-3.127885700479312,0.04197154061225701
Mosman,5.711472181191532,4.398490070572788,0.7179781734635267,-0.9248234165289065,12.571803709174462,22.474920717873403,-0.23848715132726284,0.4406592021177897
Merrylands - Holroyd,5.003760996827681,3.4012493050331947,1.8846588767433095,-0.7441805084241234,4.840239395624161,14.385728065804221,-1.9522549208209123,0.12430769011618882
Chatswood (East) - Artarmon,9.942166482552473,9.227370199493144,2.0734597156398107,-1.7759185445360905,16.992657092728574,36.45973494587791,2.7243207477008005,0.938446593261637
Sydney - Haymarket - The Rocks,54.853273137697514,54.337310544985485,3.8211692777990067,-0.6987469138677971,39.24540470815866,19.065150391845982,-0.9608774735094014,0.2767025444609694
Parramatta - Rosehill,10.026901442895573,8.834678405478112,2.9717682020802374,-0.3530865650561996,7.459036439227194,28.93929792462492,1.1310489424813461,0.7560324257614542
Canterbury (South) - Campsie,7.019783024888322,3.7074178746163433,2.6408450704225355,-2.3023630617242605,5.257240100890389,16.32292300909333,-1.541842856251559,0.17626753738632767
Parklea - Kellyville Ridge,4.732868757259001,2.6713124274099886,1.7095555155659528,-0.4076142338890474,4.732868757259001,13.438991223604898,-2.1528295833539364,0.10406710513008194
Waterloo - Beaconsfield,8.726831711882728,6.090326662975559,1.9175455417066156,-1.954815828423022,4.06021777531704,18.84010586345892,-1.0085551684338752,0.2672627018045145
Holsworthy Military Area,0.0,0.0,13.0,-0.0,0.0,13.0,-2.2458337980467595,0.09570943925993063
0,0.0,0.0,0.0,-0.0,0.0,0.0,-5.0,0.0066928509242848554
